column,non_null_rows,total_rows,coverage_pct,is_smart
capacity_bytes,27799986,27799986,100.0,False
cluster_id,27799986,27799986,100.0,False
datacenter,27799986,27799986,100.0,False
date,27799986,27799986,100.0,False
failure,27799986,27799986,100.0,False
is_legacy_format,27799986,27799986,100.0,False
model,27799986,27799986,100.0,False
pod_id,27799986,27799986,100.0,False
serial_number,27799986,27799986,100.0,False
vault_id,27799986,27799986,100.0,False
pod_slot_num,27421990,27799986,98.64,False
smart_12_normalized,27761188,27799986,99.86,True
smart_12_raw,27761188,27799986,99.86,True
smart_194_normalized,27760984,27799986,99.86,True
smart_194_raw,27760984,27799986,99.86,True
smart_9_normalized,27761188,27799986,99.86,True
smart_9_raw,27761188,27799986,99.86,True
smart_1_normalized,27733513,27799986,99.76,True
smart_1_raw,27733513,27799986,99.76,True
smart_192_normalized,27662025,27799986,99.5,True
smart_192_raw,27662025,27799986,99.5,True
smart_199_normalized,27595994,27799986,99.27,True
smart_199_raw,27595994,27799986,99.27,True
smart_5_normalized,27595994,27799986,99.27,True
smart_5_raw,27595994,27799986,99.27,True
smart_198_normalized,27568319,27799986,99.17,True
smart_198_raw,27568319,27799986,99.17,True
smart_10_normalized,27496831,27799986,98.91,True
smart_10_raw,27496831,27799986,98.91,True
smart_3_normalized,27496831,27799986,98.91,True
smart_3_raw,27496831,27799986,98.91,True
smart_4_normalized,27496831,27799986,98.91,True
smart_4_raw,27496831,27799986,98.91,True
smart_7_normalized,27496831,27799986,98.91,True
smart_7_raw,27496831,27799986,98.91,True
smart_193_normalized,27489582,27799986,98.88,True
smart_193_raw,27489582,27799986,98.88,True
smart_197_normalized,27025901,27799986,97.22,True
smart_197_raw,27025901,27799986,97.22,True
smart_196_normalized,17912599,27799986,64.43,True
smart_196_raw,17912599,27799986,64.43,True
smart_240_normalized,17851583,27799986,64.21,True
smart_240_raw,17851583,27799986,64.21,True
smart_2_normalized,17839022,27799986,64.17,True
smart_2_raw,17839022,27799986,64.17,True
smart_8_normalized,17839022,27799986,64.17,True
smart_8_raw,17839022,27799986,64.17,True
smart_241_normalized,11536075,27799986,41.5,True
smart_241_raw,11536075,27799986,41.5,True
smart_242_normalized,11535871,27799986,41.5,True
smart_242_raw,11535871,27799986,41.5,True
smart_191_normalized,10352759,27799986,37.24,True
smart_191_raw,10352759,27799986,37.24,True
smart_187_normalized,9738855,27799986,35.03,True
smart_187_raw,9738855,27799986,35.03,True
smart_188_normalized,9683194,27799986,34.83,True
smart_188_raw,9683194,27799986,34.83,True
smart_190_normalized,9647910,27799986,34.7,True
smart_190_raw,9647910,27799986,34.7,True
smart_22_normalized,8746983,27799986,31.46,True
smart_22_raw,8746983,27799986,31.46,True
smart_23_normalized,8705604,27799986,31.32,True
smart_23_raw,8705604,27799986,31.32,True
smart_24_normalized,8705604,27799986,31.32,True
smart_24_raw,8705604,27799986,31.32,True
smart_220_normalized,8201744,27799986,29.5,True
smart_220_raw,8201744,27799986,29.5,True
smart_222_normalized,8201744,27799986,29.5,True
smart_222_raw,8201744,27799986,29.5,True
smart_226_normalized,8201744,27799986,29.5,True
smart_226_raw,8201744,27799986,29.5,True
smart_223_normalized,8077255,27799986,29.05,True
smart_223_raw,8077255,27799986,29.05,True
smart_200_normalized,7595333,27799986,27.32,True
smart_200_raw,7595333,27799986,27.32,True
smart_224_normalized,7568305,27799986,27.22,True
smart_224_raw,7568305,27799986,27.22,True
smart_18_normalized,7414327,27799986,26.67,True
smart_18_raw,7414327,27799986,26.67,True
smart_195_normalized,4090970,27799986,14.72,True
smart_195_raw,4090970,27799986,14.72,True
smart_71_normalized,2870372,27799986,10.33,True
smart_71_raw,2870372,27799986,10.33,True
smart_90_normalized,2870372,27799986,10.33,True
smart_90_raw,2870372,27799986,10.33,True
smart_184_normalized,2239053,27799986,8.05,True
smart_184_raw,2239053,27799986,8.05,True
smart_189_normalized,2140267,27799986,7.7,True
smart_189_raw,2140267,27799986,7.7,True
smart_27_normalized,638007,27799986,2.29,True
smart_27_raw,638007,27799986,2.29,True
smart_173_normalized,256233,27799986,0.92,True
smart_173_raw,256233,27799986,0.92,True
smart_174_normalized,256233,27799986,0.92,True
smart_174_raw,256233,27799986,0.92,True
smart_233_normalized,200679,27799986,0.72,True
smart_233_raw,200679,27799986,0.72,True
smart_168_normalized,192665,27799986,0.69,True
smart_168_raw,192665,27799986,0.69,True
smart_170_normalized,193029,27799986,0.69,True
smart_170_raw,193029,27799986,0.69,True
smart_232_normalized,192665,27799986,0.69,True
smart_232_raw,192665,27799986,0.69,True
smart_235_normalized,165492,27799986,0.6,True
smart_235_raw,165492,27799986,0.6,True
smart_16_normalized,165194,27799986,0.59,True
smart_16_raw,165194,27799986,0.59,True
smart_177_normalized,165398,27799986,0.59,True
smart_177_raw,165398,27799986,0.59,True
smart_17_normalized,165194,27799986,0.59,True
smart_17_raw,165194,27799986,0.59,True
smart_218_normalized,165194,27799986,0.59,True
smart_218_raw,165194,27799986,0.59,True
smart_231_normalized,165194,27799986,0.59,True
smart_231_raw,165194,27799986,0.59,True
smart_171_normalized,91035,27799986,0.33,True
smart_171_raw,91035,27799986,0.33,True
smart_172_normalized,91035,27799986,0.33,True
smart_172_raw,91035,27799986,0.33,True
smart_234_normalized,75126,27799986,0.27,True
smart_234_raw,75126,27799986,0.27,True
smart_180_normalized,71488,27799986,0.26,True
smart_180_raw,71488,27799986,0.26,True
smart_202_normalized,71488,27799986,0.26,True
smart_202_raw,71488,27799986,0.26,True
smart_183_normalized,63822,27799986,0.23,True
smart_183_raw,63822,27799986,0.23,True
smart_206_normalized,63474,27799986,0.23,True
smart_206_raw,63474,27799986,0.23,True
smart_210_normalized,63474,27799986,0.23,True
smart_210_raw,63474,27799986,0.23,True
smart_246_normalized,63474,27799986,0.23,True
smart_246_raw,63474,27799986,0.23,True
smart_247_normalized,63474,27799986,0.23,True
smart_247_raw,63474,27799986,0.23,True
smart_248_normalized,63474,27799986,0.23,True
smart_248_raw,63474,27799986,0.23,True
smart_165_normalized,27471,27799986,0.1,True
smart_165_raw,27471,27799986,0.1,True
smart_166_normalized,27471,27799986,0.1,True
smart_166_raw,27471,27799986,0.1,True
smart_167_normalized,27471,27799986,0.1,True
smart_167_raw,27471,27799986,0.1,True
smart_169_normalized,27471,27799986,0.1,True
smart_169_raw,27471,27799986,0.1,True
smart_230_normalized,27471,27799986,0.1,True
smart_230_raw,27471,27799986,0.1,True
smart_244_normalized,27471,27799986,0.1,True
smart_244_raw,27471,27799986,0.1,True
smart_254_normalized,18751,27799986,0.07,True
smart_254_raw,18751,27799986,0.07,True
smart_11_normalized,17352,27799986,0.06,True
smart_11_raw,17352,27799986,0.06,True
smart_13_normalized,8014,27799986,0.03,True
smart_13_raw,8014,27799986,0.03,True
smart_179_normalized,8218,27799986,0.03,True
smart_179_raw,8218,27799986,0.03,True
smart_181_normalized,8218,27799986,0.03,True
smart_181_raw,8218,27799986,0.03,True
smart_182_normalized,8218,27799986,0.03,True
smart_182_raw,8218,27799986,0.03,True
smart_201_normalized,8014,27799986,0.03,True
smart_201_raw,8014,27799986,0.03,True
smart_225_normalized,7249,27799986,0.03,True
smart_225_raw,7249,27799986,0.03,True
smart_245_normalized,8014,27799986,0.03,True
smart_245_raw,8014,27799986,0.03,True
smart_15_normalized,0,27799986,0.0,True
smart_15_raw,0,27799986,0.0,True
smart_160_normalized,0,27799986,0.0,True
smart_160_raw,0,27799986,0.0,True
smart_161_normalized,0,27799986,0.0,True
smart_161_raw,0,27799986,0.0,True
smart_163_normalized,0,27799986,0.0,True
smart_163_raw,0,27799986,0.0,True
smart_164_normalized,0,27799986,0.0,True
smart_164_raw,0,27799986,0.0,True
smart_175_normalized,94,27799986,0.0,True
smart_175_raw,94,27799986,0.0,True
smart_176_normalized,0,27799986,0.0,True
smart_176_raw,0,27799986,0.0,True
smart_178_normalized,0,27799986,0.0,True
smart_178_raw,0,27799986,0.0,True
smart_211_normalized,270,27799986,0.0,True
smart_211_raw,270,27799986,0.0,True
smart_212_normalized,270,27799986,0.0,True
smart_212_raw,270,27799986,0.0,True
smart_250_normalized,0,27799986,0.0,True
smart_250_raw,0,27799986,0.0,True
smart_251_normalized,0,27799986,0.0,True
smart_251_raw,0,27799986,0.0,True
smart_252_normalized,0,27799986,0.0,True
smart_252_raw,0,27799986,0.0,True
smart_255_normalized,0,27799986,0.0,True
smart_255_raw,0,27799986,0.0,True
smart_82_normalized,409,27799986,0.0,True
smart_82_raw,409,27799986,0.0,True
